{"Libertarian": 0.2622271776, "Green": 0.0282659605, "Liberal": 0.3582686782, "Conservative": 0.3512382209}