{"Libertarian": 0.6281170845, "Green": 0.0378795639, "Liberal": 0.2260201722, "Conservative": 0.10798313470000001}